,Place,Place Latitude,Place Longitude,Venue,Venue Latitude,Venue Longitude,Venue Category
0,Coimbatore,11.0018115,76.9628425,GECO Grinding Centre,11.0,76.966667,Factory
1,Coimbatore,11.0018115,76.9628425,Raj Hardware,11.006741,76.96485,Factory
2,Coimbatore,11.0018115,76.9628425,South India Bearing Co,11.006617,76.96589,Factory
3,Coimbatore,11.0018115,76.9628425,Orient Machinery,11.0067,76.96595,Factory
4,Coimbatore,11.0018115,76.9628425,General Industrial Suppliers,11.006676,76.96651,Factory
5,Coimbatore,11.0018115,76.9628425,Daintys,11.004351,76.975223,Factory
6,Coimbatore,11.0018115,76.9628425,RKR,11.010030526416923,76.94794754953286,Factory
7,Rudrapur,28.974744,79.3963951,Bharat Rice Mill,28.97317004277206,79.38637914965832,Factory
8,Rudrapur,28.974744,79.3963951,DHN technologies Pvt Ltd,28.974559783935547,79.38129425048828,Factory
9,Rudrapur,28.974744,79.3963951,"Thandi Sarak, kicha by pas",28.964758,79.411057,Factory
10,Bhilai,21.2120677,81.3732849,Jagdamba Industries,21.220468,81.381418,Factory
11,Bhilai,21.2120677,81.3732849,acc Jamul,21.212847042968257,81.35683044082624,Factory
12,Bhilai,21.2120677,81.3732849,Bhilai Steel Plant,21.198703306974284,81.38529884970946,Factory
13,Aluva,10.17039815,76.38839448844891,Acceler Steel (p) Ltd.,10.172676315789474,76.37439122332859,Factory
14,Vijayawada,16.5087586,80.6185102,Maharshi Advertising Network,16.51452525499762,80.63074855212061,Factory
15,Varanasi,25.3356491,83.0076292,Silk Manufacturing,25.33396,83.006592,Factory
16,Jamshedpur,22.8015194,86.2029579,PRAXAIR,22.799981776807126,86.19737126935325,Factory
17,Jamshedpur,22.8015194,86.2029579,Allgemein,22.807170867919922,86.20726776123047,Factory
18,Jamshedpur,22.8015194,86.2029579,Tata Steel,22.798465508213493,86.18946656787017,Factory
19,Jamshedpur,22.8015194,86.2029579,tata steel bugdha gate,22.799570083618164,86.1889419555664,Factory
20,Tiruppur,11.1017815,77.345192,Ramraj handlooms,11.099451907111694,77.34418906079121,Factory
21,Tiruppur,11.1017815,77.345192,Vijay Clothing Company,11.110404568239298,77.34260758829414,Factory
22,Tiruppur,11.1017815,77.345192,Frontier Knitters,11.110678906690042,77.34279265533483,Factory
23,Tiruppur,11.1017815,77.345192,Angel Zippel,11.1151,77.34652,Factory
24,Tiruppur,11.1017815,77.345192,S. B. Apparels,11.116303443908691,77.34107208251953,Factory
25,Tiruppur,11.1017815,77.345192,Raiser Tapes,11.088986296253513,77.33233451843262,Factory
26,Rajahmundry,17.0050454,81.7804732,"Ratnam Enterprises, Saroja Rao.",16.992176055908203,81.77613067626953,Factory
27,Rajahmundry,17.0050454,81.7804732,International Paper,17.020221729469565,81.7738129697211,Factory
28,Kolkata,22.5414185,88.35769124388872,Philips India Limited,22.53659955966892,88.34705114364624,Factory
29,Kolkata,22.5414185,88.35769124388872,Dey's Medical,22.527850716993328,88.3613623612278,Factory
30,Kolkata,22.5414185,88.35769124388872,Jupiter Industries,22.533557301261837,88.34485173225403,Factory
31,Kolkata,22.5414185,88.35769124388872,Skippers LImited,22.540194689259458,88.34733009338379,Warehouse
32,Indore,22.7203616,75.8681996,JASH Precision | Manufacturers of Precision Surface Equipments & More,22.716973473767258,75.86746215820312,Factory
33,Indore,22.7203616,75.8681996,Index Engineering Pvt. Ltd.,22.72496810767392,75.86905133921064,Factory
34,Indore,22.7203616,75.8681996,Madhuban Enterprises,22.714049017037716,75.86692571640013,Factory
35,Indore,22.7203616,75.8681996,MP Transformers Private Ltd.,22.721070577073462,75.85834264755248,Factory
36,Indore,22.7203616,75.8681996,Agrawal Drugs And Chemicals Pvt. Ltd. - Indore,22.72559,75.87674,Factory
37,Indore,22.7203616,75.8681996,Hukumchand Factory,22.735079,75.868454,Factory
38,Indore,22.7203616,75.8681996,Palak Metals Pvt Ltd,22.734687614891843,75.85653581239013,Factory
39,Pithampur,22.6105576,75.6790283,Eicher Trucks & Buses,22.616235121529876,75.68210634033278,Factory
40,Pithampur,22.6105576,75.6790283,VE Commercial Vehicles,22.611076432005014,75.66809903387409,Factory
41,Pithampur,22.6105576,75.6790283,Volvo-Eicher PowerTrain,22.611085522127492,75.66809457014953,Factory
42,Pithampur,22.6105576,75.6790283,MAN Trucks India Pvt. Ltd.,22.601719662558263,75.68875244045472,Factory
43,Belagavi,15.8572666,74.5069343,Flexpert Bellows Pvt Ltd,15.85212,74.50447,Factory
44,Palakkad,10.7691989,76.6512469,Star Ice Factory,10.77260684967041,76.6461181640625,Factory
45,Palakkad,10.7691989,76.6512469,Balaji Metal Works,10.776386260986328,76.64580535888672,Factory
46,Kannur,11.8762254,75.3738043,Cream Packs,11.877588766410028,75.37740475325398,Factory
47,Salem,11.6612012,78.1602498,Milk Distributing Unit,11.667609214782715,78.1565933227539,Factory
48,Kanpur,26.4609135,80.3217588,Trending this month,26.457640427002303,80.32036900520325,Factory
49,Kanpur,26.4609135,80.3217588,Queen International,26.467567,80.33074,Factory
50,Kanpur,26.4609135,80.3217588,Allied Chemicals,26.456998,80.30913,Factory
51,Kanpur,26.4609135,80.3217588,Crossroad Auto,26.46446990966797,80.30400085449219,Factory
52,Kanpur,26.4609135,80.3217588,Tarlok Singh & Co.,26.47142360625793,80.30606309885714,Factory
53,Rajkot,22.3051991,70.8028335,Popular Traders,22.296017,70.794699,Factory
54,Rajkot,22.3051991,70.8028335,Manish automobiles,22.2897361,70.7996944,Factory
55,Kochi,9.931308,76.2674136,VTJ Marine,9.932769,76.266409,Factory
56,Kochi,9.931308,76.2674136,Vee Tee Jay Exim,9.932858,76.266787,Factory
57,Kochi,9.931308,76.2674136,Sarswathi Metal Works,9.932876367134789,76.26907239239772,Factory
58,Kochi,9.931308,76.2674136,Nippon Toyota,9.931764652164974,76.27501741547732,Factory
59,Kochi,9.931308,76.2674136,Aswin Associates,9.940435105637514,76.2611997127533,Factory
60,Kochi,9.931308,76.2674136,Matsyafed Ice & Freezing Plant,9.945071,76.261154,Factory
61,Kochi,9.931308,76.2674136,Placo Plastics,9.946107,76.260021,Factory
62,Kochi,9.931308,76.2674136,Indian Marine Industries,9.914344766232205,76.26806550217411,Factory
63,Kochi,9.931308,76.2674136,Rabiya Sea Foods,9.914157217611251,76.26843318768516,Factory
64,Peenya,13.0329419,77.5273253,"Industrial Estate,peenya",13.031025443341257,77.52056121335711,Factory
65,Peenya,13.0329419,77.5273253,ABB Limited,13.031462025357715,77.51504003578651,Factory
66,Surat,21.1864607,72.8081281,coral laminates,21.175728044649187,72.81308261024157,Factory
67,Surat,21.1864607,72.8081281,RJD Taxtile Park,21.184937,72.792782,Factory
68,Rourkela,22.253999399999998,84.8577520139704,Rourkela Steel Plant,22.24703433454438,84.84069789330688,Factory
69,Visakhapatnam,17.7231276,83.3012842,En Route to Hell,17.721263925951146,83.31825616357479,Factory
70,Ahmedabad,23.0216238,72.5797068,Siddhi Vinayak Plastomech,23.02172254056366,72.58079051971434,Factory
71,Ahmedabad,23.0216238,72.5797068,Paras Compressors,23.02002414070297,72.5808334350586,Factory
72,Ahmedabad,23.0216238,72.5797068,Yash Shah,23.02101158508556,72.57738947868347,Factory
73,Ahmedabad,23.0216238,72.5797068,Elixir Pharma,23.016548278956254,72.57843017578125,Factory
74,Ahmedabad,23.0216238,72.5797068,Divya Lables,23.022551983883616,72.57362365722656,Factory
75,Ahmedabad,23.0216238,72.5797068,Dilip Patidar,23.02579,72.58726000000001,Factory
76,Ahmedabad,23.0216238,72.5797068,Changodar industrial stretch,23.010553065750855,72.59159729069535,Factory
77,Jamnagar,22.4732415,70.0552102,"Udhyognagar, Jamnagar",22.455959950876146,70.05031695395895,Factory
78,Jamnagar,22.4732415,70.0552102,Bombardier,22.459274291992188,70.06365966796875,Factory
79,Vadodara,22.2973142,73.1942567,Duracoat,22.30642578589609,73.18478656407864,Factory
80,Vadodara,22.2973142,73.1942567,Mama Ji's Workshop,22.29912,73.211548,Factory
81,Vadodara,22.2973142,73.1942567,Lizon Opticals Co.,22.29986815895319,73.21241014266957,Factory
82,Vadodara,22.2973142,73.1942567,Elmex Electric Pvt. Ltd.,22.302239410760315,73.17566692829132,Factory
83,Ludhiana,30.9090157,75.851601,Aarti International Limited,30.901304118368696,75.85748434066772,Factory
84,Ludhiana,30.9090157,75.851601,Vardhman knitting yarn,30.900965,75.8572758,Factory
85,Ludhiana,30.9090157,75.851601,C.d thapar knitwears,30.91946743419176,75.85430037519154,Factory
86,Ludhiana,30.9090157,75.851601,Narinder Textile Mills,30.900199646171963,75.86770112259366,Factory
87,Pimpri-Chinchwad,18.6279288,73.8009829,Forbes Marshall,18.638936143934878,73.80459168955558,Factory
88,Pimpri-Chinchwad,18.6279288,73.8009829,Dc Design Studio,18.642268728792153,73.79479125906163,Factory
89,Pimpri-Chinchwad,18.6279288,73.8009829,finolex industries,18.644889434324085,73.80225919277407,Factory
90,Mumbai,19.0759899,72.8773928,meethi nadi,19.076097585190524,72.87687174233704,Factory
91,Mumbai,19.0759899,72.8773928,Electro smiths,19.076748321764658,72.87497710131255,Factory
92,Mumbai,19.0759899,72.8773928,Kurla Car Shed,19.06717364688852,72.87885046033142,Factory
93,Mumbai,19.0759899,72.8773928,Mother Dairy,19.063066341439367,72.88297514100086,Factory
94,Bangalore,12.9791198,77.5912997,G1 Thin Pcs,12.976827851242032,77.59097456932068,Factory
95,Bangalore,12.9791198,77.5912997,UB Towers Cafetiere,12.973100662231445,77.59573364257812,Factory
96,Bangalore,12.9791198,77.5912997,Jay Bharath Timbers,12.966670774635283,77.59827017784119,Factory
97,Bangalore,12.9791198,77.5912997,Gokaldas Exports,12.962396351810936,77.59118733507604,Factory
98,Thrissur,10.5256264,76.2132542,Future Generali India LIC,10.523003332556952,76.20829582214355,Office
99,Gajraula,28.8360988,78.2452916,Gajraula,28.829351258446113,78.24421320781906,Factory
100,Sri City,13.5362462,79.9911259,Alstom Sri City,13.531973838806152,79.98906707763672,Factory
101,Sri City,13.5362462,79.9911259,ZTT India Private Limited,13.530232,79.988939,Factory
102,Sri City,13.5362462,79.9911259,Control Component India Pvt Ltd,13.529782,79.991067,Factory
103,Sri City,13.5362462,79.9911259,project nilgiri(Cadbury Factory),13.546780586242676,79.99645233154297,Factory
104,Sri City,13.5362462,79.9911259,MMD Heavy Machinery (India) Private Ltd,13.547821993301083,80.0005376452046,Factory
105,Sri City,13.5362462,79.9911259,Pals Plush Sri City,13.524671,79.98081,Factory
106,Margao,15.272923,73.9583159,Siemens Healthcare,15.28523700737485,73.95735585182257,Factory
107,Margao,15.272923,73.9583159,"costa factory, aquem",15.268706905790568,73.97107374957534,Factory
108,Darjeeling,27.0377554,88.263176,Tibetan Refugee Self Help Center,27.05310633103787,88.26836585998535,Factory
109,Chennai,13.0836939,80.270186,Fazlux Impex,13.083588709235237,80.26825472553037,Factory
110,Chennai,13.0836939,80.270186,EXPOS Leathers,13.0818452835083,80.26817321777344,Factory
111,Chennai,13.0836939,80.270186,"pattnool sadar jung street, periamet",13.0811128616333,80.2715835571289,Factory
112,Chennai,13.0836939,80.270186,Ambattur Industrial Estate,13.079772,80.272876,Factory
113,Chennai,13.0836939,80.270186,Gemini Enterprises,13.087313669724772,80.26551586238533,Factory
114,Chennai,13.0836939,80.270186,Fusion,13.086271614205588,80.26317567627987,Factory
115,Chennai,13.0836939,80.270186,Krishna Tarpaulin Industries Pvt Ltd,13.091032367507525,80.27867861508312,Factory
116,Chennai,13.0836939,80.270186,courier packing,13.086784362792969,80.25808715820312,Factory
117,Chennai,13.0836939,80.270186,SPK & Co,13.092772483825684,80.28099822998047,Factory
118,Hosur,12.7328844,77.8309478,Creative Components,12.732834447227214,77.83559746440092,Factory
119,Hosur,12.7328844,77.8309478,TEREX Corporation,12.736653327941895,77.81331634521484,Factory
120,Baddi,30.9763026,76.7674000810934,B P Lipeds,30.968894958496094,76.7664794921875,Factory
121,Baddi,30.9763026,76.7674000810934,Dabur India ltd,30.989667892456055,76.76985168457031,Factory
122,Calicut,11.2586082,75.7788735,comtrust Building Material & Textile Showroom,11.254358291625977,75.77983856201172,Factory
123,Pune,18.521428,73.8544541,Rajmachikar Girni,18.518476486206055,73.85228729248047,Factory
124,Pune,18.521428,73.8544541,Aira Automation Engineers,18.519293828501183,73.86193927377462,Factory
125,Pune,18.521428,73.8544541,Precise Electronics,18.516113347446836,73.84781898648862,Factory
126,Pune,18.521428,73.8544541,DELUXE Dry cleaners and Washers,18.51246533185543,73.85378601296325,Factory
127,Aurangabad,19.877263,75.3390241,Daily Marathwada Sathi,19.877885,75.347589,Factory
128,Aurangabad,19.877263,75.3390241,BKT Tires,19.877900778215324,75.32223147297668,Factory
129,Nagpur,21.1498134,79.0820556,Homepride factory,21.134502,79.087858,Factory
130,Nagpur,21.1498134,79.0820556,Nirmal Aqua Industries,21.151016723858593,79.09978302522983,Factory
131,Nagpur,21.1498134,79.0820556,Shilpart Graphics,21.13399314880371,79.08741760253906,Factory
132,Bardoli,21.1220023,73.1135988,Bardoli Sugar Factory,21.13352,73.101911,Factory
133,Hyderabad,17.38878595,78.46106473453146,Shalimar Agro Tech Pvt Ltd,17.377391341748247,78.4726275385493,Factory
134,Hyderabad,17.38878595,78.46106473453146,Sarfaraz Bakes Industry,17.405521,78.457121,Factory
135,Morbi,22.8176662,70.8345928,Shriji Traders - Morbi,22.817666,70.834593,Factory
136,Morbi,22.8176662,70.8345928,swaminarayan mosaic tiles morbi,22.814321713678638,70.81882108987536,Factory
137,Morbi,22.8176662,70.8345928,Ashvin Metal Works,22.805851522519244,70.82095214455089,Factory
138,Kollam,8.8879509,76.5955013,4R Graphics,8.878054834142594,76.59747899686823,Factory
139,Kollam,8.8879509,76.5955013,Rotographics,8.873469915943264,76.59888396591705,Factory
140,Tiruvalla,9.3867448,76.5762652,C.M.S Weaving School Handloom,9.37207859739023,76.57768365773619,Factory
141,Ambattur,13.1128863,80.15986241084877,Godrej & Boyce Mfg. Co. Ltd.,13.113274632836701,80.16147094971878,Factory
142,Ambattur,13.1128863,80.15986241084877,Omega Techniks,13.112852,80.167885,Factory
143,Ambattur,13.1128863,80.15986241084877,Shrivik Industries Pvt Ltd,13.111980939291046,80.16909579205749,Factory
144,Ambattur,13.1128863,80.15986241084877,t.i.cycles,13.112860679626465,80.1492691040039,Factory
145,Ambattur,13.1128863,80.15986241084877,TI cycles,13.114340243899893,80.14777831988893,Factory
146,Ambattur,13.1128863,80.15986241084877,Pixel Display India (P) Ltd,13.112018,80.178109,Factory
147,Avadi,13.1254758,80.09409,engine factory,13.140429656360844,80.09422962678593,Factory
148,Ankleshwar,21.6293206,72.9945103,Jay Bharat Wood Industries - Ankleshwar,21.629321,72.99451,Factory
149,Ankleshwar,21.6293206,72.9945103,Chemical Machinery Mfg. Co.,21.635070462039685,73.00491750240326,Factory
150,Ankleshwar,21.6293206,72.9945103,FARBE FIRMA,21.63612759618441,73.00828099250793,Factory
151,Cochin,9.931308,76.2674136,VTJ Marine,9.932769,76.266409,Factory
152,Cochin,9.931308,76.2674136,Vee Tee Jay Exim,9.932858,76.266787,Factory
153,Cochin,9.931308,76.2674136,Sarswathi Metal Works,9.932876367134789,76.26907239239772,Factory
154,Cochin,9.931308,76.2674136,Nippon Toyota,9.931764652164974,76.27501741547732,Factory
155,Cochin,9.931308,76.2674136,Aswin Associates,9.940435105637514,76.2611997127533,Factory
156,Cochin,9.931308,76.2674136,Matsyafed Ice & Freezing Plant,9.945071,76.261154,Factory
157,Cochin,9.931308,76.2674136,Placo Plastics,9.946107,76.260021,Factory
158,Cochin,9.931308,76.2674136,Indian Marine Industries,9.914344766232205,76.26806550217411,Factory
159,Cochin,9.931308,76.2674136,Rabiya Sea Foods,9.914157217611251,76.26843318768516,Factory
160,Ennore,13.2174681,80.3216013,Kothari Fertilizer (highly polluting industry ),13.221468190645616,80.32163433356688,Factory
161,Guntur,16.2915189,80.4541588,Govind & Sons,16.294584,80.446657,Factory
162,Kanpur,26.4609135,80.3217588,Trending this month,26.457640427002303,80.32036900520325,Factory
163,Kanpur,26.4609135,80.3217588,Queen International,26.467567,80.33074,Factory
164,Kanpur,26.4609135,80.3217588,Allied Chemicals,26.456998,80.30913,Factory
165,Kanpur,26.4609135,80.3217588,Crossroad Auto,26.46446990966797,80.30400085449219,Factory
166,Kanpur,26.4609135,80.3217588,Tarlok Singh & Co.,26.47142360625793,80.30606309885714,Factory
167,Nandambakkam,13.0166484,80.1911885,Hi-tech power drive,13.016539,80.20187,Factory
168,Nandambakkam,13.0166484,80.1911885,Teleflo,13.024751252798046,80.17684626566393,Factory
169,Nandambakkam,13.0166484,80.1911885,Guindy Industrial Estate,13.011972444391741,80.2080596100438,Factory
170,Ooty,11.4126769,76.7030504,The Tea Factory,11.413903299754384,76.71295068194773,Factory
171,Ooty,11.4126769,76.7030504,DoddaBetta Tea Factory,11.411798949178866,76.72093074578284,Factory
172,Ooty,11.4126769,76.7030504,The Tea Factory,11.411913505492704,76.7207910495171,Tea Room
173,Perambur,13.1121242,80.245022,Simpsons & co ltd.  Sembian Plant,13.124770805609907,80.2386852715568,Factory
174,Perambur,13.1121242,80.245022,Binny Mills,13.104231210520439,80.25736678694852,Factory
175,Perambur,13.1121242,80.245022,SA engineering,13.119078636169434,80.23140716552734,Factory
176,Perambur,13.1121242,80.245022,tafe,13.12420880431358,80.23410546769371,Factory
177,Renukoot,24.2159484,83.0345962,Hindalco,24.214906129688057,83.02752820707099,Factory
178,Dhanbad,23.7952809,86.4309638,Hpcl - Dhanbad Depot,23.790022,86.42783,Factory
179,Udhana,21.1650911,72.8397743,kc fashion,21.16200156895555,72.84325990904472,Factory
180,Udhana,21.1650911,72.8397743,HAROT,21.16777,72.845749,Factory
181,Udhana,21.1650911,72.8397743,Dhanlaxmi Alloys,21.16870890092879,72.84651127708977,Factory
182,Udhana,21.1650911,72.8397743,Moldex Composites,21.1702401,72.83106070000001,Factory
183,Udhana,21.1650911,72.8397743,jj synthetics,21.17149543762207,72.84758758544922,Factory
184,Worli,19.0116962,72.8180702,Ideal Industrial Estate,19.00108376665257,72.8292795707588,Factory
185,Kolhapur,16.7028412,74.2405329,Shivaji Udyamnagar,16.701943977473032,74.23823697436737,Factory
186,Kolhapur,16.7028412,74.2405329,Onkar ceramics,16.704590870649476,74.24271883167857,Factory
187,Kolhapur,16.7028412,74.2405329,Shahumill,16.70038604736328,74.23260498046875,Factory
188,Kolhapur,16.7028412,74.2405329,Sawant oil engine works,16.6965991955104,74.23372635008657,Factory
189,Kolhapur,16.7028412,74.2405329,Popular Steel Works & Agricultural Implements PVT LTD,16.692869443705746,74.24448403439517,Factory
0,Coimbatore,11.0018115,76.9628425,Luxen India,11.012149576570838,76.96463719010353,Industrial Estate
1,Delhi,28.6517178,77.2219388,Singer India Limited,28.644498305734405,77.2258186340332,Industrial Estate
2,Noida,28.5356329,77.3910727,Indostar TMT,28.528356844499523,77.38812446594237,Industrial Estate
3,Peenya,13.0329419,77.5273253,Essentra India Private Limited,13.040051,77.52786,Industrial Estate
4,Peenya,13.0329419,77.5273253,Ingwenya Mineral Tech Pvt Ltd,13.026445102170666,77.51924533832029,Industrial Estate
5,Peenya,13.0329419,77.5273253,Steer,13.02335,77.514674,Industrial Estate
6,Peenya,13.0329419,77.5273253,"Industrial Estate,peenya",13.031025443341257,77.52056121335711,Factory
7,Ahmedabad,23.0216238,72.5797068,Air N Gas Process Technologies,23.021730439927378,72.58039355278015,Industrial Estate
8,Ahmedabad,23.0216238,72.5797068,Toyota Forms India Pvt Ltd.,23.02318393727408,72.58070468902588,Industrial Estate
9,Ahmedabad,23.0216238,72.5797068,Dynamic Engineers,23.021280168224603,72.57632732391357,Industrial Estate
10,Ahmedabad,23.0216238,72.5797068,Enggpro Business Solutions Pvt Ltd,23.02393437807811,72.58726000785828,Industrial Estate
11,Ahmedabad,23.0216238,72.5797068,Bharti Textile Industry,23.026778115850306,72.58607983589172,Industrial Estate
12,Vadodara,22.2973142,73.1942567,Mudrika Ceramics (I) Ltd.,22.296998244912988,73.19581031799316,Industrial Estate
13,Vadodara,22.2973142,73.1942567,ispace hub,22.296630958873685,73.19134175777435,Industrial Estate
14,Ludhiana,30.9090157,75.851601,ROYAL ENGG WORKS REGD,30.891467095747277,75.85392504930496,Industrial Estate
15,Ludhiana,30.9090157,75.851601,Shingora Technologies LLP,30.903526,75.831841,Industrial Estate
16,Mumbai,19.0759899,72.8773928,Swastik Industrial Estate,19.072492,72.866221,Industrial Estate
17,Mumbai,19.0759899,72.8773928,Steel tubes India,19.059724703316043,72.86994338035583,Industrial Estate
18,Bangalore,12.9791198,77.5912997,GP NET,12.990131268807495,77.5943648815155,Industrial Estate
19,Gurugram,28.4646148,77.0299194,SSDN Technologies,28.46978785957761,77.04130460434745,Industrial Estate
20,Pune,18.521428,73.8544541,BNH Gas Tanks,18.519411456803557,73.8570499420166,Industrial Estate
21,Pune,18.521428,73.8544541,Ferrocare Machines Pvt. Ltd.,18.51037736775892,73.86011838912964,Industrial Estate
22,Aurangabad,19.877263,75.3390241,Vijay s,19.878609,75.347373,Industrial Estate
23,Morbi,22.8176662,70.8345928,Scientific Clock,22.801302,70.835116,Industrial Estate
24,Ambattur,13.1128863,80.15986241084877,Drill Jig Bushing,13.108126508598144,80.16552598979321,Industrial Estate
25,Amritsar,31.6343083,74.8736788,Leotronic Scales,31.63235532339561,74.88208830356598,Industrial Estate
26,Ankleshwar,21.6293206,72.9945103,Tatva Chintan Pharma Chem Pvt. Ltd,21.61881355735023,73.00584554672241,Industrial Estate
27,Udhana,21.1650911,72.8397743,Arihant Offset,21.165939,72.84152,Industrial Estate
28,Worli,19.0116962,72.8180702,Unique Industrial Estate,19.017876,72.828415,Industrial Estate
29,Worli,19.0116962,72.8180702,A to Z Industrial Estate,18.999097356138392,72.8238452347003,Industrial Estate
30,Worli,19.0116962,72.8180702,Birla Sun Life Asset Management Co.,19.00654466260807,72.83278771284999,Industrial Estate
0,Coimbatore,11.0018115,76.9628425,Posh,11.005328555952353,76.95131351111962,Gym / Fitness Center
1,Coimbatore,11.0018115,76.9628425,Golds Gym,11.005079017749127,76.95112283409493,Gym
2,Coimbatore,11.0018115,76.9628425,F45 Training Coimbatore Racecourse,11.0042932,76.9792351,Gym
3,Rudrapur,28.974744,79.3963951,fitness world,28.979805989040642,79.37976462847725,Gym
4,Navi Mumbai,19.0308262,73.0198537,Chavana Spa,19.032892003979086,73.02958859183045,Gym / Fitness Center
5,Navi Mumbai,19.0308262,73.0198537,Nerul Gymkhana,19.02708933535468,73.01566529506499,Gym
6,Navi Mumbai,19.0308262,73.0198537,Passion Gym,19.026290751623964,73.01534242616879,Gym
7,Navi Mumbai,19.0308262,73.0198537,Edge Fitness,19.023366586856127,73.0211078750794,Gym
8,Navi Mumbai,19.0308262,73.0198537,Talwalkars,19.02319145376143,73.02137308230812,Gym
9,Navi Mumbai,19.0308262,73.0198537,SIESCOMS Gym,19.042350019129998,73.02283748201985,Gym
10,Vijayawada,16.5087586,80.6185102,Agri gold,16.504301079869357,80.63550171556682,Gym / Fitness Center
11,Vijayawada,16.5087586,80.6185102,sprit fitness center,16.509729786994235,80.63630381851726,Gym / Fitness Center
12,Vijayawada,16.5087586,80.6185102,Orange gym,16.521228,80.614368,Gym
13,Vijayawada,16.5087586,80.6185102,Bhaskar Cycles,16.513565,80.62623,Cycle Studio
14,Panipat,29.3912753,76.9771675,Legend Fitness,29.392705550412405,76.9727812118454,Gym
15,Panipat,29.3912753,76.9771675,Diet Clinic Panipat Huda Sector 12,29.381607,76.985498,Nutritionist
16,Jamshedpur,22.8015194,86.2029579,hymna multi gym,22.80167007446289,86.21493530273438,Gym / Fitness Center
17,Tiruppur,11.1017815,77.345192,Energie Fitness Studio,11.107376703586239,77.34497978894458,Gym
18,Tiruppur,11.1017815,77.345192,Ten X Fit Club,11.10056,77.33314,Gym / Fitness Center
19,Tiruppur,11.1017815,77.345192,pink fitness one,11.09668254852295,77.3586196899414,Gym
20,Rajahmundry,17.0050454,81.7804732,Talwalkars Better Value Fitness Ltd.,17.005591558897407,81.78811471629885,Gym
21,Rajahmundry,17.0050454,81.7804732,BILT Fitness,17.010098,81.794662,Gym
22,Rajahmundry,17.0050454,81.7804732,YCT Yoga Center,17.007113,81.78785,Yoga Studio
23,Rajahmundry,17.0050454,81.7804732,Cosmic Healing Center,17.004816,81.79308,Yoga Studio
24,Rajahmundry,17.0050454,81.7804732,Samhita Yoga & Nature Cure Center,17.003296,81.794174,Yoga Studio
25,Kolkata,22.5414185,88.35769124388872,The Verve - Health Club,22.54082095377967,88.35123538970947,Gym / Fitness Center
26,Kolkata,22.5414185,88.35769124388872,Solace,22.531982439198956,88.36393458206182,Gym / Fitness Center
27,Kolkata,22.5414185,88.35769124388872,Healthiza.com,22.542029873856322,88.34424018859863,Gym / Fitness Center
28,Kolkata,22.5414185,88.35769124388872,Pulse,22.546058,88.350204,Gym
29,Kolkata,22.5414185,88.35769124388872,Gold's Gym,22.541588465621658,88.34792385690119,Gym
30,Kolkata,22.5414185,88.35769124388872,Talwalkars,22.53209065111507,88.36480736732483,Gym / Fitness Center
31,Kolkata,22.5414185,88.35769124388872,Karma Fitness,22.534616924680343,88.3674946786134,Gym
32,Kolkata,22.5414185,88.35769124388872,Karma - The Fitness Studio,22.52458869024942,88.35549473762511,Gym / Fitness Center
33,Kolkata,22.5414185,88.35769124388872,Sweat Out,22.553478240966797,88.35204315185547,Gym
34,Kolkata,22.5414185,88.35769124388872,Aura Gym,22.55473,88.352216,Gym
35,Durgapur,23.5350475,87.3380425,BCREC Karate Club,23.5438071191311,87.3429588228464,Martial Arts School
36,Indore,22.7203616,75.8681996,Fitness World,22.726011276245117,75.88166809082031,Gym / Fitness Center
37,Indore,22.7203616,75.8681996,Talwalkar's Indore,22.729722988917846,75.8752714661483,Gym
38,Indore,22.7203616,75.8681996,Golds Gym,22.707545097024507,75.85648416255381,Gym
39,Indore,22.7203616,75.8681996,Mangosteen Eco Lifestyle,22.727226350562628,75.88409028289222,Gym / Fitness Center
40,Belagavi,15.8572666,74.5069343,Talwalkars,15.868889854052957,74.50772654154554,Gym
41,Palakkad,10.7691989,76.6512469,Stamina,10.767860412597656,76.6495361328125,Gym / Fitness Center
42,Palakkad,10.7691989,76.6512469,Royal Gymnasium,10.77084551781905,76.63470263558777,Gym
43,Palakkad,10.7691989,76.6512469,Shri Ram Chandra Mission,10.752364158630371,76.64905548095703,Yoga Studio
44,Palakkad,10.7691989,76.6512469,Palakkad Fort Ground,10.765924683584725,76.65761362977962,Track
45,Delhi,28.6517178,77.2219388,Zaffran,28.633840946500865,77.22147242444018,Yoga Studio
46,Noida,28.5356329,77.3910727,The Great GYM,28.528598486481812,77.39007603491947,Gym / Fitness Center
47,Noida,28.5356329,77.3910727,Espace At Radisson Blu Noida,28.527067823352926,77.39104583483866,Gym / Fitness Center
48,Noida,28.5356329,77.3910727,Emerald club,28.51881973925437,77.38396554796721,Gym / Fitness Center
49,Noida,28.5356329,77.3910727,Addiction gym,28.519691127788533,77.38273780572102,Gym
50,Kannur,11.8762254,75.3738043,Powers inn,11.878375186028173,75.37672519683838,Gym / Fitness Center
51,Kannur,11.8762254,75.3738043,Fitness World,11.872015266185212,75.38404173606017,Gym / Fitness Center
52,Salem,11.6612012,78.1602498,Maverick,11.672895342374963,78.15126288152422,Gym
53,Kanpur,26.4609135,80.3217588,Universal Gym,26.464782,80.340014,Gym
54,Rajkot,22.3051991,70.8028335,Afc,22.306839,70.787335,Gym / Fitness Center
55,Rajkot,22.3051991,70.8028335,fitness first gym,22.303316965712703,70.81723005066132,Gym
56,Rajkot,22.3051991,70.8028335,K's Place - Ramkrishna Ashram,22.29007,70.79464,Yoga Studio
57,Kochi,9.931308,76.2674136,Fitinn Wellness,9.935786034979008,76.26114244876673,Gym
58,Kochi,9.931308,76.2674136,Universe Gym,9.945345395311888,76.25695526647989,Gym
59,Surat,21.1864607,72.8081281,Stallon Fitness Club,21.17405441428098,72.80024218515149,Gym / Fitness Center
60,Surat,21.1864607,72.8081281,Gold's Gym,21.174516439324453,72.79755182374811,Gym
61,Surat,21.1864607,72.8081281,Amruttam Research Institute for Reiki and Yoga,21.17529801568768,72.80811309814453,Yoga Studio
62,Surat,21.1864607,72.8081281,Rita's Pregnancy 101,21.174487655367223,72.7983283996582,Yoga Studio
63,Visakhapatnam,17.7231276,83.3012842,Waltair Club,17.72057997795848,83.31678359422095,Gym / Fitness Center
64,Visakhapatnam,17.7231276,83.3012842,Anytime Fitness,17.724524228528484,83.31318722359221,Gym / Fitness Center
65,Visakhapatnam,17.7231276,83.3012842,Apollo Life Studio,17.720008210203087,83.31547477359389,Gym / Fitness Center
66,Visakhapatnam,17.7231276,83.3012842,Talwalkars,17.72006617384022,83.31942325914096,Gym / Fitness Center
67,Visakhapatnam,17.7231276,83.3012842,talwalkar,17.724035625690192,83.31825616357479,Gym
68,Visakhapatnam,17.7231276,83.3012842,Olympia Health Club (Dolphin Hotel),17.71346763281092,83.29758358489627,Gym Pool
69,Ahmedabad,23.0216238,72.5797068,Gym4U,23.020403,72.584602,Gym
70,Ahmedabad,23.0216238,72.5797068,Fitness Centre,23.022327,72.567739,Gym / Fitness Center
71,Ahmedabad,23.0216238,72.5797068,Sfw The Gym,23.01235,72.56829,Gym / Fitness Center
72,Ahmedabad,23.0216238,72.5797068,Talwarkar's  gym,23.030171229286644,72.56273561234998,Gym / Fitness Center
73,Ahmedabad,23.0216238,72.5797068,Fitness Centre,23.028621702263198,72.56605108545622,Gym
74,Ahmedabad,23.0216238,72.5797068,Rita's Pregnancy 101,23.02579,72.58726000000001,Yoga Studio
75,Ahmedabad,23.0216238,72.5797068,Yoga Sadhan Ashram,23.01841759887769,72.5649940663916,Yoga Studio
76,Gandhinagar,23.2232877,72.6492267,Talwalkars,23.21926190772669,72.6511287689209,Gym
77,Jamnagar,22.4732415,70.0552102,Bodyline,22.479315355935878,70.05481777329982,Gym
78,Jamnagar,22.4732415,70.0552102,Rainbow Fitness Centre,22.478941,70.057575,Gym
79,Jamnagar,22.4732415,70.0552102,Talwalkars gym,22.48056959379565,70.05621918493507,Gym
80,Vadodara,22.2973142,73.1942567,"ACS, Su-j Health (Acupressure Product Supplier)",22.30666645446229,73.18155169487,Gym
81,Ludhiana,30.9090157,75.851601,Xtreme Bodies Gym,30.91529403419832,75.8335272800669,Gym / Fitness Center
82,Ludhiana,30.9090157,75.851601,Pumping Iron,30.914692152232632,75.86606722978567,Gym
83,Ludhiana,30.9090157,75.851601,Friends Health Club,30.909592080630844,75.86869001487506,Gym
84,Ludhiana,30.9090157,75.851601,True Fitness,30.904711,75.831671,Gym
85,Ludhiana,30.9090157,75.851601,Xtreme Bodies,30.915347395107823,75.83348905582743,Other Great Outdoors
86,Ludhiana,30.9090157,75.851601,Diet Clinic Ludhiana,30.90450772223893,75.85561752319336,Nutritionist
87,Ludhiana,30.9090157,75.851601,Leader Bicycles,30.90967744971128,75.84182024002075,Cycle Studio
88,Pimpri-Chinchwad,18.6279288,73.8009829,Optimum Health Club,18.634550700242603,73.79824541838458,Gym / Fitness Center
89,Pimpri-Chinchwad,18.6279288,73.8009829,Beyond Fitness,18.633731105269526,73.79904398302361,Gym
90,Pimpri-Chinchwad,18.6279288,73.8009829,Club Solaris,18.63155887317336,73.80144922274934,Gym / Fitness Center
91,Pimpri-Chinchwad,18.6279288,73.8009829,arohead fitness club,18.623529577592986,73.80841715480302,Gym / Fitness Center
92,Pimpri-Chinchwad,18.6279288,73.8009829,SN'S Xtrim fitness,18.61650282347516,73.80066454410553,Gym / Fitness Center
93,Pimpri-Chinchwad,18.6279288,73.8009829,SN's xtrim Fitness,18.633400651280766,73.8066996080942,Gym
94,Pimpri-Chinchwad,18.6279288,73.8009829,Herbalife,18.632210832594204,73.78556907176971,Gym / Fitness Center
95,Mumbai,19.0759899,72.8773928,Vigour gym,19.07598139540013,72.87765630884722,Gym
96,Mumbai,19.0759899,72.8773928,Kohinoor Gym & Badmintom,19.080237220519443,72.88568255561887,Gym / Fitness Center
97,Mumbai,19.0759899,72.8773928,So FIT,19.067738158034153,72.8694816930133,Gym / Fitness Center
98,Mumbai,19.0759899,72.8773928,Workout Gym,19.06941525300555,72.88023497639301,Gym
99,Mumbai,19.0759899,72.8773928,Workout World,19.075309055126166,72.86577373416625,Gym
100,Mumbai,19.0759899,72.8773928,Planet Health Gym,19.072979955806296,72.86350601346788,Gym
101,Mumbai,19.0759899,72.8773928,Gym,19.060713303260663,72.872573887914,Yoga Studio
102,Bangalore,12.9791198,77.5912997,ZELA,12.966769227044788,77.59961843320848,Gym / Fitness Center
103,Bangalore,12.9791198,77.5912997,Fitness First,12.971153055867344,77.60700961067565,Gym
104,Bangalore,12.9791198,77.5912997,Gold's Gym,12.966438118385152,77.60366005755068,Gym
105,Bangalore,12.9791198,77.5912997,JW Fitness,12.97247858540986,77.5946072086358,Gym / Fitness Center
106,Bangalore,12.9791198,77.5912997,Energy Fitness Centre,12.989588990140213,77.59713136944211,Gym / Fitness Center
107,Bangalore,12.9791198,77.5912997,ITC Fitness Centre,12.966864358107452,77.59579270844688,Gym / Fitness Center
108,Bangalore,12.9791198,77.5912997,Taj West End Gym & Spa,12.98622493970773,77.58509877685245,Gym
109,Bangalore,12.9791198,77.5912997,Health Club,12.974293473288597,77.60090748240125,Gym
110,Bangalore,12.9791198,77.5912997,ITC Windsor gym,12.99410096232821,77.58555207236085,Gym / Fitness Center
111,Bangalore,12.9791198,77.5912997,Fitness @ ITC Royal Gardenia,12.966992484638226,77.59597177141832,Gym
112,Bangalore,12.9791198,77.5912997,The Ritz-Carlton Fitness Center,12.967767,77.601775,Gym
113,Bangalore,12.9791198,77.5912997,Catholic Club Gym,12.969434022419433,77.60598593229491,Gym
114,Thrissur,10.5256264,76.2132542,Lifestyle Gym,10.534173011779785,76.21588897705078,Gym / Fitness Center
115,Thrissur,10.5256264,76.2132542,Life Line,10.515192985534668,76.21482849121094,Gym / Fitness Center
116,Thrissur,10.5256264,76.2132542,Evershine Gym,10.517635921426884,76.20194491829504,Gym
117,Margao,15.272923,73.9583159,ACHIEVER,15.274517,73.95501,Gym / Fitness Center
118,Margao,15.272923,73.9583159,fitness point,15.273201465352413,73.95460067523256,Gym / Fitness Center
119,Margao,15.272923,73.9583159,Workout Z,15.271999399780201,73.95713773510882,Gym / Fitness Center
120,Margao,15.272923,73.9583159,Maxsan Fitness Hub,15.278011621224833,73.95780356430502,Gym / Fitness Center
121,Margao,15.272923,73.9583159,norberts fitness studio,15.282902220447133,73.9671019733071,Gym / Fitness Center
122,Margao,15.272923,73.9583159,Unique Fitness Center UFC,15.276024134701158,73.97480438966494,Gym / Fitness Center
123,Margao,15.272923,73.9583159,Ultimate Fitness Centre,15.276361465454102,73.97500610351562,Gym
124,Darjeeling,27.0377554,88.263176,Tenzing's Gym,27.04048728942871,88.2652587890625,Gym
125,Nashik,20.0112475,73.7902364,the gym,20.01089096069336,73.79283905029297,Gym / Fitness Center
126,Nashik,20.0112475,73.7902364,Walzade Gym,20.010631,73.806293,Gym / Fitness Center
127,Chennai,13.0836939,80.270186,femina gym,13.088563887442218,80.25858086139358,Gym
128,Chennai,13.0836939,80.270186,Bhagwan Mahavir Yoga Centre (free),13.086220685872615,80.25821609645928,Yoga Studio
129,Faridabad,28.4029786,77.3103837,CLA Fitness,28.409161,77.320071,Gym / Fitness Center
130,Faridabad,28.4029786,77.3103837,Golds Gym,28.41037313647061,77.32019431005476,Gym / Fitness Center
131,Faridabad,28.4029786,77.3103837,"Anytime Fitness, Faridabad",28.409513335881368,77.32037144637526,Gym
132,Faridabad,28.4029786,77.3103837,Sports Fit,28.38687618896891,77.31385936555952,Gym
133,Faridabad,28.4029786,77.3103837,Diet Clinic Faridabad Sector 15,28.395298,77.324488,Nutritionist
134,Gurugram,28.4646148,77.0299194,Gold's Gym,28.468734420188575,77.04429453613776,Gym
135,Gurugram,28.4646148,77.0299194,Anytime Fitness,28.45778831204579,77.04500855672293,Gym / Fitness Center
136,Gurugram,28.4646148,77.0299194,Altitude gym,28.469993793823217,77.04125849614202,Gym
137,Gurugram,28.4646148,77.0299194,Hype The Gym,28.471657529504885,77.04805574659177,Gym / Fitness Center
138,Gurugram,28.4646148,77.0299194,Cult Sector 14,28.476156,77.045074,Gym / Fitness Center
139,Gurugram,28.4646148,77.0299194,Google Gym,28.460546493530273,77.04843139648438,Gym
140,Gurugram,28.4646148,77.0299194,Mahaprabhu Yog Divya Mandir,28.464163780261714,77.04743731944313,Yoga Studio
141,Calicut,11.2586082,75.7788735,Talwalkars Gym,11.256629561334375,75.7759868353437,Gym
142,Calicut,11.2586082,75.7788735,Taj Mini Gym,11.258442302720342,75.7741929356079,Gym
143,Calicut,11.2586082,75.7788735,Fitness World,11.251877498291005,75.78944742679596,Gym / Fitness Center
144,Calicut,11.2586082,75.7788735,fitness zone,11.246949853757783,75.78410451850989,Gym
145,Calicut,11.2586082,75.7788735,Young Stars Gym,11.274812911919046,75.77851301682817,Gym
146,Calicut,11.2586082,75.7788735,Satyananda Yoga Research Centre,11.252914042754002,75.78682355562954,Yoga Studio
147,Pune,18.521428,73.8544541,Deccan Gymkhana Club,18.515179330336036,73.84052753448486,Gym / Fitness Center
148,Pune,18.521428,73.8544541,PYC Club,18.517335849732056,73.83942687001877,Gym
149,Pune,18.521428,73.8544541,Ramanbaug Gym,18.51933319298518,73.85274653434769,Gym
150,Pune,18.521428,73.8544541,K11 Gym And Fitnness Academy,18.524244758102988,73.84157610035977,Gym / Fitness Center
151,Pune,18.521428,73.8544541,Endurance ( Deccan Gymkhana ),18.515109584436782,73.84096220267081,Gym
152,Pune,18.521428,73.8544541,Status Health Club,18.518104625823465,73.83587681034048,Gym
153,Aurangabad,19.877263,75.3390241,Gym Planet,19.876423,75.347011,Gym / Fitness Center
154,Aurangabad,19.877263,75.3390241,Titans Health And Fitness Centre,19.869732,75.32973,Gym / Fitness Center
155,Aurangabad,19.877263,75.3390241,Lifestyle Gym & Fitness Centre,19.862768173217773,75.340576171875,Gym / Fitness Center
156,Aurangabad,19.877263,75.3390241,Endurance,19.861345935983977,75.34768846856669,Gym
157,Aurangabad,19.877263,75.3390241,Aakar Health & Fitness,19.869994,75.328442,Yoga Studio
158,Nagpur,21.1498134,79.0820556,Anytime Fitness,21.153428052461198,79.07873034090957,Gym / Fitness Center
159,Nagpur,21.1498134,79.0820556,Country Club Fitness,21.14815,79.09336,Gym
160,Nagpur,21.1498134,79.0820556,Talwalkars gym,21.136890438510495,79.07837069524966,Gym
161,Nagpur,21.1498134,79.0820556,Gold's Gym,21.164081124971947,79.07950787879223,Gym
162,Nagpur,21.1498134,79.0820556,Joshi's Exclusive Fitness Park,21.134029995041,79.07969542707531,Gym
163,Nagpur,21.1498134,79.0820556,sudol,21.150609508648746,79.06315666736744,Gym
164,Nagpur,21.1498134,79.0820556,Pujya Shikarpuri Panchayat Yogasan Kendra,21.15241,79.09673,Yoga Studio
165,Bardoli,21.1220023,73.1135988,Egale fitness club,21.120001112823726,73.10588957157569,Climbing Gym
166,Hyderabad,17.38878595,78.46106473453146,Fitness first,17.394154922993348,78.45620887900301,Gym / Fitness Center
167,Hyderabad,17.38878595,78.46106473453146,PowerZone Gymnasium & Fitness Centre,17.3988433958174,78.46006122874056,Gym / Fitness Center
168,Hyderabad,17.38878595,78.46106473453146,Shapes,17.377250505702772,78.45477114932406,Gym / Fitness Center
169,Hyderabad,17.38878595,78.46106473453146,GYM,17.39521538772879,78.45487106941485,Gym
170,Hyderabad,17.38878595,78.46106473453146,Pulse8 gym elite abids,17.387874452110154,78.47243328316169,Gym
171,Hyderabad,17.38878595,78.46106473453146,Power Zone Gym,17.39352226257324,78.44994354248047,Gym
172,Hyderabad,17.38878595,78.46106473453146,Fitness Solutions,17.40219379071573,78.4533445018238,Gym
173,Hyderabad,17.38878595,78.46106473453146,Matrix Gym.,17.393246813202023,78.44492299041825,Gym
174,Hyderabad,17.38878595,78.46106473453146,body arena gym,17.389832426894667,78.44331855006757,Gym
175,Kollam,8.8879509,76.5955013,Blaze Fitness Club,8.880916404030877,76.60367488861084,Gym / Fitness Center
176,Kollam,8.8879509,76.5955013,BodyTech,8.895756088388838,76.59515427524236,Gym
177,Alwaye,10.1083294,76.3567627,Aluva Health Club,10.11265872,76.3523678,Gym
178,Alwaye,10.1083294,76.3567627,Fitwell Gym,10.111235171942466,76.37183694194252,Gym
179,Ambattur,13.1128863,80.15986241084877,COG Fintness Centre,13.1173777,80.1682737,Gym / Fitness Center
180,Ambattur,13.1128863,80.15986241084877,FitnessOne,13.118631596109655,80.15187216593746,Gym
181,Ambattur,13.1128863,80.15986241084877,"""Metabolic"" Fitness Hub",13.117598,80.149298,Gym
182,Ambattur,13.1128863,80.15986241084877,Solid Fitness Studio,13.122582757993717,80.14723863717626,Gym
183,Amritsar,31.6343083,74.8736788,Ozone,31.6451,74.8744,Gym / Fitness Center
184,Amritsar,31.6343083,74.8736788,Talwalkars,31.642165648332256,74.86933708190918,Gym
185,Amritsar,31.6343083,74.8736788,ozone gym,31.6435,74.8862,Gym / Fitness Center
186,Amritsar,31.6343083,74.8736788,world gym,31.651273727416992,74.87056732177734,Gym
187,Avadi,13.1254758,80.09409,Fitness Point,13.135426,80.096213,Gym
188,Avadi,13.1254758,80.09409,Classic Arnold Gym,13.13698,80.090602,Gym
189,Cochin,9.931308,76.2674136,Fitinn Wellness,9.935786034979008,76.26114244876673,Gym
190,Cochin,9.931308,76.2674136,Universe Gym,9.945345395311888,76.25695526647989,Gym
191,Kanpur,26.4609135,80.3217588,Universal Gym,26.464782,80.340014,Gym
192,Kolar,13.1369996,78.1339606,Elite Gym & Fitness Zone,13.136851,78.131971,Gym
193,Lucknow,26.8381,80.9346001,Gym @CSI,26.8389,80.9492,Gym / Fitness Center
194,Lucknow,26.8381,80.9346001,Avadh gymkhana club,26.853648860040273,80.93489748355049,Gym / Fitness Center
195,Lucknow,26.8381,80.9346001,body mantra,26.85052611356541,80.93573980753234,Gym
196,Mysore,12.3051828,76.6553609,Bethesda Fitness,12.3091402,76.6529465,Gym / Fitness Center
197,Mysore,12.3051828,76.6553609,Yoga Mandira Shala,12.299438,76.64492,Yoga Studio
198,Mysore,12.3051828,76.6553609,Mysore Krishnamacharya Yoga Shala,12.31118168496576,76.64461883113384,Yoga Studio
199,Mysore,12.3051828,76.6553609,PAVY (Sheshadri Yoga Shala),12.293956473649414,76.64469215620812,Yoga Studio
200,Mysore,12.3051828,76.6553609,Shtalam8,12.298574,76.640929,Yoga Studio
201,Nandambakkam,13.0166484,80.1911885,Fight 2 Fit Fitness Center,13.005922,80.200932,Gym / Fitness Center
202,Nandambakkam,13.0166484,80.1911885,People's gym,13.014697711265972,80.2042353941818,Gym
203,Nandambakkam,13.0166484,80.1911885,Maharaja Royal Gym,13.004671096801758,80.2010726928711,Gym
204,Nandambakkam,13.0166484,80.1911885,Fitness by Precor,13.016855303439609,80.20482374625507,Gym Pool
205,Ooty,11.4126769,76.7030504,gym@king's cliff,11.413053512573242,76.70555114746094,Gym
206,Ooty,11.4126769,76.7030504,gym@monarch,11.407645027191942,76.69886780016262,Gym
207,Ooty,11.4126769,76.7030504,Sapy's Gym,11.414129,76.709822,Gym
208,Ooty,11.4126769,76.7030504,track 22,11.405318169295334,76.70032802788306,Track
209,Ooty,11.4126769,76.7030504,track 9 @ monarch,11.406991074937437,76.69626302770381,Track
210,Ooty,11.4126769,76.7030504,track 10,11.406991074937437,76.69584016996303,Track
211,Perambur,13.1121242,80.245022,C3 Fitness Science,13.109061,80.24452,Gym / Fitness Center
212,Perambur,13.1121242,80.245022,World Gym,13.108223081779851,80.24629776409728,Gym
213,Perambur,13.1121242,80.245022,King gym,13.109819083870953,80.24128274379053,Gym
214,Perambur,13.1121242,80.245022,Mojo Fitness Center,13.110985825453916,80.23391486408443,Gym
215,Perambur,13.1121242,80.245022,King Gym,13.107987,80.23232,Gym
216,Perambur,13.1121242,80.245022,Teflon Fitness,13.127268718212644,80.241734706735,Gym
217,Dhanbad,23.7952809,86.4309638,Kala Bhawan Gym,23.800779421579886,86.43321965083275,Gym
218,Dhanbad,23.7952809,86.4309638,Fitness Point,23.786097342412436,86.44049834542315,Gym / Fitness Center
219,Udhana,21.1650911,72.8397743,Sun City Gym,21.152956087787313,72.8443734549254,Gym / Fitness Center
220,Worli,19.0116962,72.8180702,Golds Gym,19.006313232022645,72.83245351569332,Gym / Fitness Center
221,Worli,19.0116962,72.8180702,Four Seasons,18.9943558114436,72.82031891150143,Hotel
222,Worli,19.0116962,72.8180702,Spa at Four Seasons Hotel Mumbai,18.99440246016245,72.82032352357471,Spa
223,Worli,19.0116962,72.8180702,Google India Ltd,19.011500653291304,72.82046946899631,Yoga Studio
224,Worli,19.0116962,72.8180702,Home Deli,19.01375789692418,72.82774474273478,Yoga Studio
225,Zaina Kot,10.1081352,76.358976941566,Aluva Health Club,10.11265872,76.3523678,Gym
226,Zaina Kot,10.1081352,76.358976941566,Fitwell Gym,10.111235171942466,76.37183694194252,Gym
227,Kolhapur,16.7028412,74.2405329,Gym,16.70766390155325,74.24152851104736,Gym
228,Kolhapur,16.7028412,74.2405329,Intensity Gym and Fitness Centre,16.69707516,74.24261616,Gym
229,Kolhapur,16.7028412,74.2405329,parth gym,16.710168,74.234874,Gym
230,Kolhapur,16.7028412,74.2405329,Gold's Gym,16.711382750847775,74.24503422397267,Gym
231,Kolhapur,16.7028412,74.2405329,Talwalkar's prime fitness,16.712305160938865,74.24453561473828,Gym
232,Kolhapur,16.7028412,74.2405329,Parsana Gym,16.704797405263157,74.24370632105263,Yoga Studio
233,Kolhapur,16.7028412,74.2405329,Sonam Private Ltd,16.706201553344727,74.24571990966797,Martial Arts School
